Name,Email,Subject,Message,Address
Lisa Hodge,christopherdominguez@example.org,"Welcome to our test service,sorry for any inconveniences experienced","Hello Lisa Hodge, we are excited to have you onboard,this is to confirm that 1451 James Parkways
North Nicole, MT 49195 is your valid home address, if its noe kindly get back to is as soon as possible ","1451 James Parkways
North Nicole, MT 49195"
Joshua Davis,millerjohn@example.org,"Welcome to our test service,sorry for any inconveniences experienced","Hello Joshua Davis, we are excited to have you onboard,this is to confirm that 6040 Thompson Island
Hollyberg, IA 35207 is your valid home address, if its noe kindly get back to is as soon as possible ","6040 Thompson Island
Hollyberg, IA 35207"
Cheryl Myers MD,jhughes@example.net,"Welcome to our test service,sorry for any inconveniences experienced","Hello Cheryl Myers MD, we are excited to have you onboard,this is to confirm that 723 Kathryn Ranch Apt. 926
Millerville, VI 12767 is your valid home address, if its noe kindly get back to is as soon as possible ","723 Kathryn Ranch Apt. 926
Millerville, VI 12767"
Mary Lee,nealmary@example.net,"Welcome to our test service,sorry for any inconveniences experienced","Hello Mary Lee, we are excited to have you onboard,this is to confirm that 723 Morrison Summit
Thomaschester, VA 12893 is your valid home address, if its noe kindly get back to is as soon as possible ","723 Morrison Summit
Thomaschester, VA 12893"
Yvette Johnson,garciajonathan@example.net,"Welcome to our test service,sorry for any inconveniences experienced","Hello Yvette Johnson, we are excited to have you onboard,this is to confirm that 958 Stacey Spur Apt. 857
Williamsonborough, NJ 50795 is your valid home address, if its noe kindly get back to is as soon as possible ","958 Stacey Spur Apt. 857
Williamsonborough, NJ 50795"
David Velazquez,dennis81@example.com,"Welcome to our test service,sorry for any inconveniences experienced","Hello David Velazquez, we are excited to have you onboard,this is to confirm that PSC 3446, Box 7116
APO AE 12563 is your valid home address, if its noe kindly get back to is as soon as possible ","PSC 3446, Box 7116
APO AE 12563"
Wendy Bell,mitchelldonna@example.net,"Welcome to our test service,sorry for any inconveniences experienced","Hello Wendy Bell, we are excited to have you onboard,this is to confirm that USS Evans
FPO AA 62501 is your valid home address, if its noe kindly get back to is as soon as possible ","USS Evans
FPO AA 62501"
Sarah Pope,ofoster@example.org,"Welcome to our test service,sorry for any inconveniences experienced","Hello Sarah Pope, we are excited to have you onboard,this is to confirm that 88597 Andrews Station
Mooremouth, SD 45954 is your valid home address, if its noe kindly get back to is as soon as possible ","88597 Andrews Station
Mooremouth, SD 45954"
Marcus Cox,qzamora@example.org,"Welcome to our test service,sorry for any inconveniences experienced","Hello Marcus Cox, we are excited to have you onboard,this is to confirm that 71551 Tapia Spur Suite 942
Jillport, MP 36967 is your valid home address, if its noe kindly get back to is as soon as possible ","71551 Tapia Spur Suite 942
Jillport, MP 36967"
Calvin Wilson,linda81@example.org,"Welcome to our test service,sorry for any inconveniences experienced","Hello Calvin Wilson, we are excited to have you onboard,this is to confirm that 205 Mathews Stravenue
North Julia, TN 26834 is your valid home address, if its noe kindly get back to is as soon as possible ","205 Mathews Stravenue
North Julia, TN 26834"
Lori Larson,wesleyscott@example.net,"Welcome to our test service,sorry for any inconveniences experienced","Hello Lori Larson, we are excited to have you onboard,this is to confirm that 72784 Smith Corner Suite 942
West Emily, SC 66390 is your valid home address, if its noe kindly get back to is as soon as possible ","72784 Smith Corner Suite 942
West Emily, SC 66390"
Adam Mitchell,adrian22@example.net,"Welcome to our test service,sorry for any inconveniences experienced","Hello Adam Mitchell, we are excited to have you onboard,this is to confirm that 0393 Johnson Corners Apt. 218
Port Paige, IA 99751 is your valid home address, if its noe kindly get back to is as soon as possible ","0393 Johnson Corners Apt. 218
Port Paige, IA 99751"
Jonathan Singh,edwardcarpenter@example.net,"Welcome to our test service,sorry for any inconveniences experienced","Hello Jonathan Singh, we are excited to have you onboard,this is to confirm that 93476 Green Rest
Erinstad, ND 28742 is your valid home address, if its noe kindly get back to is as soon as possible ","93476 Green Rest
Erinstad, ND 28742"
Jason Proctor,richardlee@example.com,"Welcome to our test service,sorry for any inconveniences experienced","Hello Jason Proctor, we are excited to have you onboard,this is to confirm that 311 Thomas Spring Apt. 921
North Sarahport, KS 08622 is your valid home address, if its noe kindly get back to is as soon as possible ","311 Thomas Spring Apt. 921
North Sarahport, KS 08622"
Brianna Johnston,bradleyvictoria@example.net,"Welcome to our test service,sorry for any inconveniences experienced","Hello Brianna Johnston, we are excited to have you onboard,this is to confirm that 471 Krueger Pines Apt. 780
Port Nicole, LA 84626 is your valid home address, if its noe kindly get back to is as soon as possible ","471 Krueger Pines Apt. 780
Port Nicole, LA 84626"
Rachel Gonzalez,sethholt@example.org,"Welcome to our test service,sorry for any inconveniences experienced","Hello Rachel Gonzalez, we are excited to have you onboard,this is to confirm that 715 Briana Pike
West Tracyview, ND 02598 is your valid home address, if its noe kindly get back to is as soon as possible ","715 Briana Pike
West Tracyview, ND 02598"
Dustin Ramirez,jeffrey94@example.com,"Welcome to our test service,sorry for any inconveniences experienced","Hello Dustin Ramirez, we are excited to have you onboard,this is to confirm that 21950 Foster Stravenue Apt. 985
Sanchezshire, RI 68867 is your valid home address, if its noe kindly get back to is as soon as possible ","21950 Foster Stravenue Apt. 985
Sanchezshire, RI 68867"
Miss Adriana Martin DDS,taylorbrenda@example.net,"Welcome to our test service,sorry for any inconveniences experienced","Hello Miss Adriana Martin DDS, we are excited to have you onboard,this is to confirm that 7928 Julia Canyon
Andrewmouth, TN 71455 is your valid home address, if its noe kindly get back to is as soon as possible ","7928 Julia Canyon
Andrewmouth, TN 71455"
Jonathan Humphrey,robertclements@example.com,"Welcome to our test service,sorry for any inconveniences experienced","Hello Jonathan Humphrey, we are excited to have you onboard,this is to confirm that 6411 Deborah Summit Suite 026
West Courtneyborough, MT 43653 is your valid home address, if its noe kindly get back to is as soon as possible ","6411 Deborah Summit Suite 026
West Courtneyborough, MT 43653"
Kim Rivera,jonesstephanie@example.com,"Welcome to our test service,sorry for any inconveniences experienced","Hello Kim Rivera, we are excited to have you onboard,this is to confirm that 488 Danielle Courts Suite 636
North Candicestad, NV 92362 is your valid home address, if its noe kindly get back to is as soon as possible ","488 Danielle Courts Suite 636
North Candicestad, NV 92362"
Michael Sherman,robinsonshannon@example.com,"Welcome to our test service,sorry for any inconveniences experienced","Hello Michael Sherman, we are excited to have you onboard,this is to confirm that 2219 Moreno Shoals
Kennedyview, SC 81972 is your valid home address, if its noe kindly get back to is as soon as possible ","2219 Moreno Shoals
Kennedyview, SC 81972"
Mary Cole,gbird@example.org,"Welcome to our test service,sorry for any inconveniences experienced","Hello Mary Cole, we are excited to have you onboard,this is to confirm that Unit 6904 Box 3748
DPO AA 16677 is your valid home address, if its noe kindly get back to is as soon as possible ","Unit 6904 Box 3748
DPO AA 16677"
Kelli Evans,jennifer96@example.org,"Welcome to our test service,sorry for any inconveniences experienced","Hello Kelli Evans, we are excited to have you onboard,this is to confirm that 934 Miller Ferry Suite 766
Keithfort, AK 15257 is your valid home address, if its noe kindly get back to is as soon as possible ","934 Miller Ferry Suite 766
Keithfort, AK 15257"
Dylan Young,woodmichael@example.com,"Welcome to our test service,sorry for any inconveniences experienced","Hello Dylan Young, we are excited to have you onboard,this is to confirm that 2519 Brittany Canyon
Castillochester, MO 88126 is your valid home address, if its noe kindly get back to is as soon as possible ","2519 Brittany Canyon
Castillochester, MO 88126"
Kristin Harper,tabithaedwards@example.com,"Welcome to our test service,sorry for any inconveniences experienced","Hello Kristin Harper, we are excited to have you onboard,this is to confirm that 60068 Casey Course
Walterside, DC 75755 is your valid home address, if its noe kindly get back to is as soon as possible ","60068 Casey Course
Walterside, DC 75755"
Danny Gordon,angelica43@example.net,"Welcome to our test service,sorry for any inconveniences experienced","Hello Danny Gordon, we are excited to have you onboard,this is to confirm that 65493 Lori Ville
North Andreafort, RI 73122 is your valid home address, if its noe kindly get back to is as soon as possible ","65493 Lori Ville
North Andreafort, RI 73122"
Jack Taylor,howardteresa@example.net,"Welcome to our test service,sorry for any inconveniences experienced","Hello Jack Taylor, we are excited to have you onboard,this is to confirm that 943 Hernandez Gardens Suite 668
West Juliatown, PR 36889 is your valid home address, if its noe kindly get back to is as soon as possible ","943 Hernandez Gardens Suite 668
West Juliatown, PR 36889"
Carlos Savage,sandra90@example.net,"Welcome to our test service,sorry for any inconveniences experienced","Hello Carlos Savage, we are excited to have you onboard,this is to confirm that Unit 3863 Box 0059
DPO AP 72011 is your valid home address, if its noe kindly get back to is as soon as possible ","Unit 3863 Box 0059
DPO AP 72011"
Lori Tyler,ukim@example.com,"Welcome to our test service,sorry for any inconveniences experienced","Hello Lori Tyler, we are excited to have you onboard,this is to confirm that 913 Morales Springs Apt. 238
Isabellafort, FL 75578 is your valid home address, if its noe kindly get back to is as soon as possible ","913 Morales Springs Apt. 238
Isabellafort, FL 75578"
Christopher Nunez,karenburch@example.net,"Welcome to our test service,sorry for any inconveniences experienced","Hello Christopher Nunez, we are excited to have you onboard,this is to confirm that 42206 Garcia Common Suite 874
Newtonberg, AK 95984 is your valid home address, if its noe kindly get back to is as soon as possible ","42206 Garcia Common Suite 874
Newtonberg, AK 95984"
David Nelson,robertsonlisa@example.org,"Welcome to our test service,sorry for any inconveniences experienced","Hello David Nelson, we are excited to have you onboard,this is to confirm that 801 Osborn Gateway
Underwoodchester, HI 06685 is your valid home address, if its noe kindly get back to is as soon as possible ","801 Osborn Gateway
Underwoodchester, HI 06685"
Denise Reese,jenniferturner@example.org,"Welcome to our test service,sorry for any inconveniences experienced","Hello Denise Reese, we are excited to have you onboard,this is to confirm that 756 Crystal Circle
New Garyfurt, KS 70719 is your valid home address, if its noe kindly get back to is as soon as possible ","756 Crystal Circle
New Garyfurt, KS 70719"
Joy Weaver,piercemargaret@example.net,"Welcome to our test service,sorry for any inconveniences experienced","Hello Joy Weaver, we are excited to have you onboard,this is to confirm that 245 Nathan Summit Suite 917
Christymouth, VT 89033 is your valid home address, if its noe kindly get back to is as soon as possible ","245 Nathan Summit Suite 917
Christymouth, VT 89033"
Amanda Williams,marissarhodes@example.net,"Welcome to our test service,sorry for any inconveniences experienced","Hello Amanda Williams, we are excited to have you onboard,this is to confirm that 205 Molina Skyway
Lake Christopherbury, MA 02682 is your valid home address, if its noe kindly get back to is as soon as possible ","205 Molina Skyway
Lake Christopherbury, MA 02682"
Dennis Powell,samanthaellison@example.net,"Welcome to our test service,sorry for any inconveniences experienced","Hello Dennis Powell, we are excited to have you onboard,this is to confirm that PSC 2307, Box 5836
APO AA 00783 is your valid home address, if its noe kindly get back to is as soon as possible ","PSC 2307, Box 5836
APO AA 00783"
George Harris,kimberly79@example.org,"Welcome to our test service,sorry for any inconveniences experienced","Hello George Harris, we are excited to have you onboard,this is to confirm that 2154 Rodriguez Squares Suite 455
Sloanfurt, DE 12065 is your valid home address, if its noe kindly get back to is as soon as possible ","2154 Rodriguez Squares Suite 455
Sloanfurt, DE 12065"
Anthony Bonilla,beasleybelinda@example.com,"Welcome to our test service,sorry for any inconveniences experienced","Hello Anthony Bonilla, we are excited to have you onboard,this is to confirm that 22522 Mccullough Lodge Apt. 259
Port Amandaberg, MP 11391 is your valid home address, if its noe kindly get back to is as soon as possible ","22522 Mccullough Lodge Apt. 259
Port Amandaberg, MP 11391"
Kayla Ali,wadams@example.net,"Welcome to our test service,sorry for any inconveniences experienced","Hello Kayla Ali, we are excited to have you onboard,this is to confirm that 446 Brandon Knoll
Kaylastad, CA 86633 is your valid home address, if its noe kindly get back to is as soon as possible ","446 Brandon Knoll
Kaylastad, CA 86633"
Kimberly Harris,charleshoffman@example.net,"Welcome to our test service,sorry for any inconveniences experienced","Hello Kimberly Harris, we are excited to have you onboard,this is to confirm that 32956 Mcgee Turnpike Apt. 606
Danielchester, MA 25470 is your valid home address, if its noe kindly get back to is as soon as possible ","32956 Mcgee Turnpike Apt. 606
Danielchester, MA 25470"
Charles Lee,crystalbryant@example.org,"Welcome to our test service,sorry for any inconveniences experienced","Hello Charles Lee, we are excited to have you onboard,this is to confirm that 2733 Elizabeth Field Suite 202
North Reneeland, MA 01863 is your valid home address, if its noe kindly get back to is as soon as possible ","2733 Elizabeth Field Suite 202
North Reneeland, MA 01863"
Dawn Hull,michelefranco@example.net,"Welcome to our test service,sorry for any inconveniences experienced","Hello Dawn Hull, we are excited to have you onboard,this is to confirm that 8557 William Glen Suite 396
Lunachester, WI 45845 is your valid home address, if its noe kindly get back to is as soon as possible ","8557 William Glen Suite 396
Lunachester, WI 45845"
Mr. Kevin Robinson DDS,jasonconway@example.org,"Welcome to our test service,sorry for any inconveniences experienced","Hello Mr. Kevin Robinson DDS, we are excited to have you onboard,this is to confirm that 22588 Evan Lock
Port Jenniferchester, CO 22870 is your valid home address, if its noe kindly get back to is as soon as possible ","22588 Evan Lock
Port Jenniferchester, CO 22870"
Dawn Mclean,weissjeffrey@example.com,"Welcome to our test service,sorry for any inconveniences experienced","Hello Dawn Mclean, we are excited to have you onboard,this is to confirm that 3284 Ramos Lights Suite 467
Woodsside, VI 40238 is your valid home address, if its noe kindly get back to is as soon as possible ","3284 Ramos Lights Suite 467
Woodsside, VI 40238"
Brandon Carter,yallen@example.com,"Welcome to our test service,sorry for any inconveniences experienced","Hello Brandon Carter, we are excited to have you onboard,this is to confirm that 764 Carter Road
South Jackmouth, RI 82591 is your valid home address, if its noe kindly get back to is as soon as possible ","764 Carter Road
South Jackmouth, RI 82591"
James Garza,maysmargaret@example.com,"Welcome to our test service,sorry for any inconveniences experienced","Hello James Garza, we are excited to have you onboard,this is to confirm that 95058 Dennis Walks Suite 680
Whiteville, AR 94310 is your valid home address, if its noe kindly get back to is as soon as possible ","95058 Dennis Walks Suite 680
Whiteville, AR 94310"
Theresa Washington,espinozajessica@example.org,"Welcome to our test service,sorry for any inconveniences experienced","Hello Theresa Washington, we are excited to have you onboard,this is to confirm that 907 Joel Mountains Suite 129
South Perryside, ND 61847 is your valid home address, if its noe kindly get back to is as soon as possible ","907 Joel Mountains Suite 129
South Perryside, ND 61847"
Christopher Diaz,jane16@example.org,"Welcome to our test service,sorry for any inconveniences experienced","Hello Christopher Diaz, we are excited to have you onboard,this is to confirm that 3527 Hall Extensions
Harristown, OK 59496 is your valid home address, if its noe kindly get back to is as soon as possible ","3527 Hall Extensions
Harristown, OK 59496"
Eric Morris,zholmes@example.com,"Welcome to our test service,sorry for any inconveniences experienced","Hello Eric Morris, we are excited to have you onboard,this is to confirm that 5520 Tamara View
Matthewhaven, NJ 93086 is your valid home address, if its noe kindly get back to is as soon as possible ","5520 Tamara View
Matthewhaven, NJ 93086"
Becky Woodard,trichards@example.net,"Welcome to our test service,sorry for any inconveniences experienced","Hello Becky Woodard, we are excited to have you onboard,this is to confirm that 31460 Christian Flats
Timothyburgh, MS 02411 is your valid home address, if its noe kindly get back to is as soon as possible ","31460 Christian Flats
Timothyburgh, MS 02411"
Michelle Williams,joannabbott@example.org,"Welcome to our test service,sorry for any inconveniences experienced","Hello Michelle Williams, we are excited to have you onboard,this is to confirm that 40349 Catherine Ridges Apt. 176
East Jessicaport, NV 46485 is your valid home address, if its noe kindly get back to is as soon as possible ","40349 Catherine Ridges Apt. 176
East Jessicaport, NV 46485"
